amfi_code,scheme_name,fund_house,category,return_3yr_pct,return_5yr_pct,sharpe_ratio,morningstar_rating
100016,HDFC Top 100 Fund - Regular Plan - Growth,HDFC Mutual Fund,Large Cap,14.84,11.32,1.06,5
148567,Mirae Asset Large Cap Fund - Regular - Growth,Mirae Asset MF,Large Cap,14.81,12.68,1.06,5
120504,ICICI Pru Bluechip Fund - Direct - Growth,ICICI Prudential MF,Large Cap,14.41,13.02,1.03,3
120507,ICICI Pru Liquid Fund - Regular - Growth,ICICI Prudential MF,Liquid,7.68,7.94,7.68,5
100025,HDFC Short Term Debt Fund - Regular - Growth,HDFC Mutual Fund,Short Duration,7.37,6.41,1.84,3
120844,Kotak Liquid Fund - Regular - Growth,Kotak Mahindra MF,Liquid,6.18,8.26,6.18,3
119120,SBI Magnum Gilt Fund - Regular Plan - Growth,SBI Mutual Fund,Gilt,6.07,5.43,1.52,5
118636,Nippon India Gilt Securities Fund - Regular - Growth,Nippon India MF,Gilt,5.31,8.71,1.33,4
101208,ABSL Liquid Fund - Regular - Growth,Aditya Birla Sun Life MF,Liquid,5.14,7.95,5.14,5
